,context,id,question,answer_start,text
0,"पैंथर्स की डिफ़ेन्स ने लीग में केवल 308 अंक दिए और छठे स्थान पर रहे जबकि 24 इन्टरसेप्शन और चार प्रो बाउल चयन के साथ NFL में अग्रणी रहे। 11 प्रो बाउल डिफ़ेंसिव टैकल के साथ कावन शॉर्ट ने सैक में टीम का नेतृत्व किया, जबकि तीन फ़म्बल किए और दो की रिकवरी  की। साथी लाइनमैन मारिओ एडिसन ने 6½ सैक जोड़े। पैंथर्स लाइन के अनुभवी डिफ़ेंसिव छोर में 5-बार के प्रो बॉलर जेरेड एलेन भी शामिल थे, जो 136 के साथ NFL के सक्रिय करियर सैक लीडर थे, साथ ही डिफ़ेंसिव छोर में कोनी एलियल थे, जिनके पास केवल शुरुआत के 9 में 5 सैक थे। उनके पीछे, पैंथर्स के तीन शुरुआती लाइनबैकर्स में से 2 को भी प्रो बाउल में खेलने के लिए चुना गया था: थॉमस डेविस और ल्यूक क्युचली। डेविस ने 5½ सैक, चार फ़ोर्स्ड फ़म्बल, और चार इंटरसेप्शन पुरे किए, जबकि कुएक्ली ने टैकल में टीम का नेतृत्व किया (118) दो फ़ोर्स्ड फ़म्बल, और अपने स्वयं के चार पास को इंटरसेप्ट किए। कैरोलिना की सेकेंडरी में प्रो बाउल सुरक्षा में कर्ट कोलमैन थे, जिन्होंने करियर के सबसे अच्छे सात इंटर्सेप्शन के साथ टीम का नेतृत्व किया, जबकि 88 टैकल भी पुरे किए और प्रो बाउल कॉर्नरबैक जोश नॉर्मन जो सीज़न के दौरान एक शटडाउन कार्नर के रूप में भी विकसित हुए ने चार इंटर्सेप्शन किए, जिनमें से दो टचडाउन के लिए लौटाए गए थे।",56beb4343aeaaa14008c925b,पैंथर्स डिफ़ेंस ने कितने अंक दिए?,35,308
1,"पैंथर्स की डिफ़ेन्स ने लीग में केवल 308 अंक दिए और छठे स्थान पर रहे जबकि 24 इन्टरसेप्शन और चार प्रो बाउल चयन के साथ NFL में अग्रणी रहे। 11 प्रो बाउल डिफ़ेंसिव टैकल के साथ कावन शॉर्ट ने सैक में टीम का नेतृत्व किया, जबकि तीन फ़म्बल किए और दो की रिकवरी  की। साथी लाइनमैन मारिओ एडिसन ने 6½ सैक जोड़े। पैंथर्स लाइन के अनुभवी डिफ़ेंसिव छोर में 5-बार के प्रो बॉलर जेरेड एलेन भी शामिल थे, जो 136 के साथ NFL के सक्रिय करियर सैक लीडर थे, साथ ही डिफ़ेंसिव छोर में कोनी एलियल थे, जिनके पास केवल शुरुआत के 9 में 5 सैक थे। उनके पीछे, पैंथर्स के तीन शुरुआती लाइनबैकर्स में से 2 को भी प्रो बाउल में खेलने के लिए चुना गया था: थॉमस डेविस और ल्यूक क्युचली। डेविस ने 5½ सैक, चार फ़ोर्स्ड फ़म्बल, और चार इंटरसेप्शन पुरे किए, जबकि कुएक्ली ने टैकल में टीम का नेतृत्व किया (118) दो फ़ोर्स्ड फ़म्बल, और अपने स्वयं के चार पास को इंटरसेप्ट किए। कैरोलिना की सेकेंडरी में प्रो बाउल सुरक्षा में कर्ट कोलमैन थे, जिन्होंने करियर के सबसे अच्छे सात इंटर्सेप्शन के साथ टीम का नेतृत्व किया, जबकि 88 टैकल भी पुरे किए और प्रो बाउल कॉर्नरबैक जोश नॉर्मन जो सीज़न के दौरान एक शटडाउन कार्नर के रूप में भी विकसित हुए ने चार इंटर्सेप्शन किए, जिनमें से दो टचडाउन के लिए लौटाए गए थे।",56beb4343aeaaa14008c925c,जेरेड एलन के पास कितने करियर सैक थे?,380,136
2,"पैंथर्स की डिफ़ेन्स ने लीग में केवल 308 अंक दिए और छठे स्थान पर रहे जबकि 24 इन्टरसेप्शन और चार प्रो बाउल चयन के साथ NFL में अग्रणी रहे। 11 प्रो बाउल डिफ़ेंसिव टैकल के साथ कावन शॉर्ट ने सैक में टीम का नेतृत्व किया, जबकि तीन फ़म्बल किए और दो की रिकवरी  की। साथी लाइनमैन मारिओ एडिसन ने 6½ सैक जोड़े। पैंथर्स लाइन के अनुभवी डिफ़ेंसिव छोर में 5-बार के प्रो बॉलर जेरेड एलेन भी शामिल थे, जो 136 के साथ NFL के सक्रिय करियर सैक लीडर थे, साथ ही डिफ़ेंसिव छोर में कोनी एलियल थे, जिनके पास केवल शुरुआत के 9 में 5 सैक थे। उनके पीछे, पैंथर्स के तीन शुरुआती लाइनबैकर्स में से 2 को भी प्रो बाउल में खेलने के लिए चुना गया था: थॉमस डेविस और ल्यूक क्युचली। डेविस ने 5½ सैक, चार फ़ोर्स्ड फ़म्बल, और चार इंटरसेप्शन पुरे किए, जबकि कुएक्ली ने टैकल में टीम का नेतृत्व किया (118) दो फ़ोर्स्ड फ़म्बल, और अपने स्वयं के चार पास को इंटरसेप्ट किए। कैरोलिना की सेकेंडरी में प्रो बाउल सुरक्षा में कर्ट कोलमैन थे, जिन्होंने करियर के सबसे अच्छे सात इंटर्सेप्शन के साथ टीम का नेतृत्व किया, जबकि 88 टैकल भी पुरे किए और प्रो बाउल कॉर्नरबैक जोश नॉर्मन जो सीज़न के दौरान एक शटडाउन कार्नर के रूप में भी विकसित हुए ने चार इंटर्सेप्शन किए, जिनमें से दो टचडाउन के लिए लौटाए गए थे।",56beb4343aeaaa14008c925d,ल्यूक कुएक्ली ने कितने टैकल रजिस्टर किए?,743,118
3,"पैंथर्स की डिफ़ेन्स ने लीग में केवल 308 अंक दिए और छठे स्थान पर रहे जबकि 24 इन्टरसेप्शन और चार प्रो बाउल चयन के साथ NFL में अग्रणी रहे। 11 प्रो बाउल डिफ़ेंसिव टैकल के साथ कावन शॉर्ट ने सैक में टीम का नेतृत्व किया, जबकि तीन फ़म्बल किए और दो की रिकवरी  की। साथी लाइनमैन मारिओ एडिसन ने 6½ सैक जोड़े। पैंथर्स लाइन के अनुभवी डिफ़ेंसिव छोर में 5-बार के प्रो बॉलर जेरेड एलेन भी शामिल थे, जो 136 के साथ NFL के सक्रिय करियर सैक लीडर थे, साथ ही डिफ़ेंसिव छोर में कोनी एलियल थे, जिनके पास केवल शुरुआत के 9 में 5 सैक थे। उनके पीछे, पैंथर्स के तीन शुरुआती लाइनबैकर्स में से 2 को भी प्रो बाउल में खेलने के लिए चुना गया था: थॉमस डेविस और ल्यूक क्युचली। डेविस ने 5½ सैक, चार फ़ोर्स्ड फ़म्बल, और चार इंटरसेप्शन पुरे किए, जबकि कुएक्ली ने टैकल में टीम का नेतृत्व किया (118) दो फ़ोर्स्ड फ़म्बल, और अपने स्वयं के चार पास को इंटरसेप्ट किए। कैरोलिना की सेकेंडरी में प्रो बाउल सुरक्षा में कर्ट कोलमैन थे, जिन्होंने करियर के सबसे अच्छे सात इंटर्सेप्शन के साथ टीम का नेतृत्व किया, जबकि 88 टैकल भी पुरे किए और प्रो बाउल कॉर्नरबैक जोश नॉर्मन जो सीज़न के दौरान एक शटडाउन कार्नर के रूप में भी विकसित हुए ने चार इंटर्सेप्शन किए, जिनमें से दो टचडाउन के लिए लौटाए गए थे।",56beb4343aeaaa14008c925e,जोश नॉर्मन ने कितने बॉल को इंटरसेप्ट किया?,90,चार
4,"पैंथर्स की डिफ़ेन्स ने लीग में केवल 308 अंक दिए और छठे स्थान पर रहे जबकि 24 इन्टरसेप्शन और चार प्रो बाउल चयन के साथ NFL में अग्रणी रहे। 11 प्रो बाउल डिफ़ेंसिव टैकल के साथ कावन शॉर्ट ने सैक में टीम का नेतृत्व किया, जबकि तीन फ़म्बल किए और दो की रिकवरी  की। साथी लाइनमैन मारिओ एडिसन ने 6½ सैक जोड़े। पैंथर्स लाइन के अनुभवी डिफ़ेंसिव छोर में 5-बार के प्रो बॉलर जेरेड एलेन भी शामिल थे, जो 136 के साथ NFL के सक्रिय करियर सैक लीडर थे, साथ ही डिफ़ेंसिव छोर में कोनी एलियल थे, जिनके पास केवल शुरुआत के 9 में 5 सैक थे। उनके पीछे, पैंथर्स के तीन शुरुआती लाइनबैकर्स में से 2 को भी प्रो बाउल में खेलने के लिए चुना गया था: थॉमस डेविस और ल्यूक क्युचली। डेविस ने 5½ सैक, चार फ़ोर्स्ड फ़म्बल, और चार इंटरसेप्शन पुरे किए, जबकि कुएक्ली ने टैकल में टीम का नेतृत्व किया (118) दो फ़ोर्स्ड फ़म्बल, और अपने स्वयं के चार पास को इंटरसेप्ट किए। कैरोलिना की सेकेंडरी में प्रो बाउल सुरक्षा में कर्ट कोलमैन थे, जिन्होंने करियर के सबसे अच्छे सात इंटर्सेप्शन के साथ टीम का नेतृत्व किया, जबकि 88 टैकल भी पुरे किए और प्रो बाउल कॉर्नरबैक जोश नॉर्मन जो सीज़न के दौरान एक शटडाउन कार्नर के रूप में भी विकसित हुए ने चार इंटर्सेप्शन किए, जिनमें से दो टचडाउन के लिए लौटाए गए थे।",56beb4343aeaaa14008c925f,इस सीज़न में टीम से किसने सबसे अधिक सैक रजिस्टर किए?,169,कावन शॉर्ट
5,"पैंथर्स की डिफ़ेन्स ने लीग में केवल 308 अंक दिए और छठे स्थान पर रहे जबकि 24 इन्टरसेप्शन और चार प्रो बाउल चयन के साथ NFL में अग्रणी रहे। 11 प्रो बाउल डिफ़ेंसिव टैकल के साथ कावन शॉर्ट ने सैक में टीम का नेतृत्व किया, जबकि तीन फ़म्बल किए और दो की रिकवरी  की। साथी लाइनमैन मारिओ एडिसन ने 6½ सैक जोड़े। पैंथर्स लाइन के अनुभवी डिफ़ेंसिव छोर में 5-बार के प्रो बॉलर जेरेड एलेन भी शामिल थे, जो 136 के साथ NFL के सक्रिय करियर सैक लीडर थे, साथ ही डिफ़ेंसिव छोर में कोनी एलियल थे, जिनके पास केवल शुरुआत के 9 में 5 सैक थे। उनके पीछे, पैंथर्स के तीन शुरुआती लाइनबैकर्स में से 2 को भी प्रो बाउल में खेलने के लिए चुना गया था: थॉमस डेविस और ल्यूक क्युचली। डेविस ने 5½ सैक, चार फ़ोर्स्ड फ़म्बल, और चार इंटरसेप्शन पुरे किए, जबकि कुएक्ली ने टैकल में टीम का नेतृत्व किया (118) दो फ़ोर्स्ड फ़म्बल, और अपने स्वयं के चार पास को इंटरसेप्ट किए। कैरोलिना की सेकेंडरी में प्रो बाउल सुरक्षा में कर्ट कोलमैन थे, जिन्होंने करियर के सबसे अच्छे सात इंटर्सेप्शन के साथ टीम का नेतृत्व किया, जबकि 88 टैकल भी पुरे किए और प्रो बाउल कॉर्नरबैक जोश नॉर्मन जो सीज़न के दौरान एक शटडाउन कार्नर के रूप में भी विकसित हुए ने चार इंटर्सेप्शन किए, जिनमें से दो टचडाउन के लिए लौटाए गए थे।",56d6f3500d65d21400198290,2015 में पैंथर्स डिफ़ेंस ने कितने इंटर्सेप्शन पुरे किए?,72,24
6,"पैंथर्स की डिफ़ेन्स ने लीग में केवल 308 अंक दिए और छठे स्थान पर रहे जबकि 24 इन्टरसेप्शन और चार प्रो बाउल चयन के साथ NFL में अग्रणी रहे। 11 प्रो बाउल डिफ़ेंसिव टैकल के साथ कावन शॉर्ट ने सैक में टीम का नेतृत्व किया, जबकि तीन फ़म्बल किए और दो की रिकवरी  की। साथी लाइनमैन मारिओ एडिसन ने 6½ सैक जोड़े। पैंथर्स लाइन के अनुभवी डिफ़ेंसिव छोर में 5-बार के प्रो बॉलर जेरेड एलेन भी शामिल थे, जो 136 के साथ NFL के सक्रिय करियर सैक लीडर थे, साथ ही डिफ़ेंसिव छोर में कोनी एलियल थे, जिनके पास केवल शुरुआत के 9 में 5 सैक थे। उनके पीछे, पैंथर्स के तीन शुरुआती लाइनबैकर्स में से 2 को भी प्रो बाउल में खेलने के लिए चुना गया था: थॉमस डेविस और ल्यूक क्युचली। डेविस ने 5½ सैक, चार फ़ोर्स्ड फ़म्बल, और चार इंटरसेप्शन पुरे किए, जबकि कुएक्ली ने टैकल में टीम का नेतृत्व किया (118) दो फ़ोर्स्ड फ़म्बल, और अपने स्वयं के चार पास को इंटरसेप्ट किए। कैरोलिना की सेकेंडरी में प्रो बाउल सुरक्षा में कर्ट कोलमैन थे, जिन्होंने करियर के सबसे अच्छे सात इंटर्सेप्शन के साथ टीम का नेतृत्व किया, जबकि 88 टैकल भी पुरे किए और प्रो बाउल कॉर्नरबैक जोश नॉर्मन जो सीज़न के दौरान एक शटडाउन कार्नर के रूप में भी विकसित हुए ने चार इंटर्सेप्शन किए, जिनमें से दो टचडाउन के लिए लौटाए गए थे।",56d6f3500d65d21400198291,सैक में पैंथर्स का नेतृत्व किसने किया?,169,कावन शॉर्ट
7,"पैंथर्स की डिफ़ेन्स ने लीग में केवल 308 अंक दिए और छठे स्थान पर रहे जबकि 24 इन्टरसेप्शन और चार प्रो बाउल चयन के साथ NFL में अग्रणी रहे। 11 प्रो बाउल डिफ़ेंसिव टैकल के साथ कावन शॉर्ट ने सैक में टीम का नेतृत्व किया, जबकि तीन फ़म्बल किए और दो की रिकवरी  की। साथी लाइनमैन मारिओ एडिसन ने 6½ सैक जोड़े। पैंथर्स लाइन के अनुभवी डिफ़ेंसिव छोर में 5-बार के प्रो बॉलर जेरेड एलेन भी शामिल थे, जो 136 के साथ NFL के सक्रिय करियर सैक लीडर थे, साथ ही डिफ़ेंसिव छोर में कोनी एलियल थे, जिनके पास केवल शुरुआत के 9 में 5 सैक थे। उनके पीछे, पैंथर्स के तीन शुरुआती लाइनबैकर्स में से 2 को भी प्रो बाउल में खेलने के लिए चुना गया था: थॉमस डेविस और ल्यूक क्युचली। डेविस ने 5½ सैक, चार फ़ोर्स्ड फ़म्बल, और चार इंटरसेप्शन पुरे किए, जबकि कुएक्ली ने टैकल में टीम का नेतृत्व किया (118) दो फ़ोर्स्ड फ़म्बल, और अपने स्वयं के चार पास को इंटरसेप्ट किए। कैरोलिना की सेकेंडरी में प्रो बाउल सुरक्षा में कर्ट कोलमैन थे, जिन्होंने करियर के सबसे अच्छे सात इंटर्सेप्शन के साथ टीम का नेतृत्व किया, जबकि 88 टैकल भी पुरे किए और प्रो बाउल कॉर्नरबैक जोश नॉर्मन जो सीज़न के दौरान एक शटडाउन कार्नर के रूप में भी विकसित हुए ने चार इंटर्सेप्शन किए, जिनमें से दो टचडाउन के लिए लौटाए गए थे।",56d6f3500d65d21400198292,प्रो बाउल के लिए कितने पैंथर्स डिफ़ेंस खिलाड़ियों का चयन किया गया था?,90,चार
8,"पैंथर्स की डिफ़ेन्स ने लीग में केवल 308 अंक दिए और छठे स्थान पर रहे जबकि 24 इन्टरसेप्शन और चार प्रो बाउल चयन के साथ NFL में अग्रणी रहे। 11 प्रो बाउल डिफ़ेंसिव टैकल के साथ कावन शॉर्ट ने सैक में टीम का नेतृत्व किया, जबकि तीन फ़म्बल किए और दो की रिकवरी  की। साथी लाइनमैन मारिओ एडिसन ने 6½ सैक जोड़े। पैंथर्स लाइन के अनुभवी डिफ़ेंसिव छोर में 5-बार के प्रो बॉलर जेरेड एलेन भी शामिल थे, जो 136 के साथ NFL के सक्रिय करियर सैक लीडर थे, साथ ही डिफ़ेंसिव छोर में कोनी एलियल थे, जिनके पास केवल शुरुआत के 9 में 5 सैक थे। उनके पीछे, पैंथर्स के तीन शुरुआती लाइनबैकर्स में से 2 को भी प्रो बाउल में खेलने के लिए चुना गया था: थॉमस डेविस और ल्यूक क्युचली। डेविस ने 5½ सैक, चार फ़ोर्स्ड फ़म्बल, और चार इंटरसेप्शन पुरे किए, जबकि कुएक्ली ने टैकल में टीम का नेतृत्व किया (118) दो फ़ोर्स्ड फ़म्बल, और अपने स्वयं के चार पास को इंटरसेप्ट किए। कैरोलिना की सेकेंडरी में प्रो बाउल सुरक्षा में कर्ट कोलमैन थे, जिन्होंने करियर के सबसे अच्छे सात इंटर्सेप्शन के साथ टीम का नेतृत्व किया, जबकि 88 टैकल भी पुरे किए और प्रो बाउल कॉर्नरबैक जोश नॉर्मन जो सीज़न के दौरान एक शटडाउन कार्नर के रूप में भी विकसित हुए ने चार इंटर्सेप्शन किए, जिनमें से दो टचडाउन के लिए लौटाए गए थे।",56d6f3500d65d21400198293,थॉमस डेविस ने कितने फ़ोर्स्ड फ़म्बल किए थे?,90,चार
9,"पैंथर्स की डिफ़ेन्स ने लीग में केवल 308 अंक दिए और छठे स्थान पर रहे जबकि 24 इन्टरसेप्शन और चार प्रो बाउल चयन के साथ NFL में अग्रणी रहे। 11 प्रो बाउल डिफ़ेंसिव टैकल के साथ कावन शॉर्ट ने सैक में टीम का नेतृत्व किया, जबकि तीन फ़म्बल किए और दो की रिकवरी  की। साथी लाइनमैन मारिओ एडिसन ने 6½ सैक जोड़े। पैंथर्स लाइन के अनुभवी डिफ़ेंसिव छोर में 5-बार के प्रो बॉलर जेरेड एलेन भी शामिल थे, जो 136 के साथ NFL के सक्रिय करियर सैक लीडर थे, साथ ही डिफ़ेंसिव छोर में कोनी एलियल थे, जिनके पास केवल शुरुआत के 9 में 5 सैक थे। उनके पीछे, पैंथर्स के तीन शुरुआती लाइनबैकर्स में से 2 को भी प्रो बाउल में खेलने के लिए चुना गया था: थॉमस डेविस और ल्यूक क्युचली। डेविस ने 5½ सैक, चार फ़ोर्स्ड फ़म्बल, और चार इंटरसेप्शन पुरे किए, जबकि कुएक्ली ने टैकल में टीम का नेतृत्व किया (118) दो फ़ोर्स्ड फ़म्बल, और अपने स्वयं के चार पास को इंटरसेप्ट किए। कैरोलिना की सेकेंडरी में प्रो बाउल सुरक्षा में कर्ट कोलमैन थे, जिन्होंने करियर के सबसे अच्छे सात इंटर्सेप्शन के साथ टीम का नेतृत्व किया, जबकि 88 टैकल भी पुरे किए और प्रो बाउल कॉर्नरबैक जोश नॉर्मन जो सीज़न के दौरान एक शटडाउन कार्नर के रूप में भी विकसित हुए ने चार इंटर्सेप्शन किए, जिनमें से दो टचडाउन के लिए लौटाए गए थे।",56d6f3500d65d21400198294,सीज़न में किस खिलाड़ी ने सबसे अधिक इंटर्सेप्शन किए?,856,कर्ट कोलमैन
10,"पैंथर्स की डिफ़ेन्स ने लीग में केवल 308 अंक दिए और छठे स्थान पर रहे जबकि 24 इन्टरसेप्शन और चार प्रो बाउल चयन के साथ NFL में अग्रणी रहे। 11 प्रो बाउल डिफ़ेंसिव टैकल के साथ कावन शॉर्ट ने सैक में टीम का नेतृत्व किया, जबकि तीन फ़म्बल किए और दो की रिकवरी  की। साथी लाइनमैन मारिओ एडिसन ने 6½ सैक जोड़े। पैंथर्स लाइन के अनुभवी डिफ़ेंसिव छोर में 5-बार के प्रो बॉलर जेरेड एलेन भी शामिल थे, जो 136 के साथ NFL के सक्रिय करियर सैक लीडर थे, साथ ही डिफ़ेंसिव छोर में कोनी एलियल थे, जिनके पास केवल शुरुआत के 9 में 5 सैक थे। उनके पीछे, पैंथर्स के तीन शुरुआती लाइनबैकर्स में से 2 को भी प्रो बाउल में खेलने के लिए चुना गया था: थॉमस डेविस और ल्यूक क्युचली। डेविस ने 5½ सैक, चार फ़ोर्स्ड फ़म्बल, और चार इंटरसेप्शन पुरे किए, जबकि कुएक्ली ने टैकल में टीम का नेतृत्व किया (118) दो फ़ोर्स्ड फ़म्बल, और अपने स्वयं के चार पास को इंटरसेप्ट किए। कैरोलिना की सेकेंडरी में प्रो बाउल सुरक्षा में कर्ट कोलमैन थे, जिन्होंने करियर के सबसे अच्छे सात इंटर्सेप्शन के साथ टीम का नेतृत्व किया, जबकि 88 टैकल भी पुरे किए और प्रो बाउल कॉर्नरबैक जोश नॉर्मन जो सीज़न के दौरान एक शटडाउन कार्नर के रूप में भी विकसित हुए ने चार इंटर्सेप्शन किए, जिनमें से दो टचडाउन के लिए लौटाए गए थे।",56d9992fdc89441400fdb59c,2015 के सीज़न में पैंथर्स डिफ़ेंस को कितने इंटर्सेप्शन मिले?,72,24
11,"पैंथर्स की डिफ़ेन्स ने लीग में केवल 308 अंक दिए और छठे स्थान पर रहे जबकि 24 इन्टरसेप्शन और चार प्रो बाउल चयन के साथ NFL में अग्रणी रहे। 11 प्रो बाउल डिफ़ेंसिव टैकल के साथ कावन शॉर्ट ने सैक में टीम का नेतृत्व किया, जबकि तीन फ़म्बल किए और दो की रिकवरी  की। साथी लाइनमैन मारिओ एडिसन ने 6½ सैक जोड़े। पैंथर्स लाइन के अनुभवी डिफ़ेंसिव छोर में 5-बार के प्रो बॉलर जेरेड एलेन भी शामिल थे, जो 136 के साथ NFL के सक्रिय करियर सैक लीडर थे, साथ ही डिफ़ेंसिव छोर में कोनी एलियल थे, जिनके पास केवल शुरुआत के 9 में 5 सैक थे। उनके पीछे, पैंथर्स के तीन शुरुआती लाइनबैकर्स में से 2 को भी प्रो बाउल में खेलने के लिए चुना गया था: थॉमस डेविस और ल्यूक क्युचली। डेविस ने 5½ सैक, चार फ़ोर्स्ड फ़म्बल, और चार इंटरसेप्शन पुरे किए, जबकि कुएक्ली ने टैकल में टीम का नेतृत्व किया (118) दो फ़ोर्स्ड फ़म्बल, और अपने स्वयं के चार पास को इंटरसेप्ट किए। कैरोलिना की सेकेंडरी में प्रो बाउल सुरक्षा में कर्ट कोलमैन थे, जिन्होंने करियर के सबसे अच्छे सात इंटर्सेप्शन के साथ टीम का नेतृत्व किया, जबकि 88 टैकल भी पुरे किए और प्रो बाउल कॉर्नरबैक जोश नॉर्मन जो सीज़न के दौरान एक शटडाउन कार्नर के रूप में भी विकसित हुए ने चार इंटर्सेप्शन किए, जिनमें से दो टचडाउन के लिए लौटाए गए थे।",56d9992fdc89441400fdb59e,कैरोलिना पैंथर्स स्टार्टर के रूप में नौ खेलों में पाँच सैक किसके पास थे?,448,कोनी एलियल
12,"पैंथर्स की डिफ़ेन्स ने लीग में केवल 308 अंक दिए और छठे स्थान पर रहे जबकि 24 इन्टरसेप्शन और चार प्रो बाउल चयन के साथ NFL में अग्रणी रहे। 11 प्रो बाउल डिफ़ेंसिव टैकल के साथ कावन शॉर्ट ने सैक में टीम का नेतृत्व किया, जबकि तीन फ़म्बल किए और दो की रिकवरी  की। साथी लाइनमैन मारिओ एडिसन ने 6½ सैक जोड़े। पैंथर्स लाइन के अनुभवी डिफ़ेंसिव छोर में 5-बार के प्रो बॉलर जेरेड एलेन भी शामिल थे, जो 136 के साथ NFL के सक्रिय करियर सैक लीडर थे, साथ ही डिफ़ेंसिव छोर में कोनी एलियल थे, जिनके पास केवल शुरुआत के 9 में 5 सैक थे। उनके पीछे, पैंथर्स के तीन शुरुआती लाइनबैकर्स में से 2 को भी प्रो बाउल में खेलने के लिए चुना गया था: थॉमस डेविस और ल्यूक क्युचली। डेविस ने 5½ सैक, चार फ़ोर्स्ड फ़म्बल, और चार इंटरसेप्शन पुरे किए, जबकि कुएक्ली ने टैकल में टीम का नेतृत्व किया (118) दो फ़ोर्स्ड फ़म्बल, और अपने स्वयं के चार पास को इंटरसेप्ट किए। कैरोलिना की सेकेंडरी में प्रो बाउल सुरक्षा में कर्ट कोलमैन थे, जिन्होंने करियर के सबसे अच्छे सात इंटर्सेप्शन के साथ टीम का नेतृत्व किया, जबकि 88 टैकल भी पुरे किए और प्रो बाउल कॉर्नरबैक जोश नॉर्मन जो सीज़न के दौरान एक शटडाउन कार्नर के रूप में भी विकसित हुए ने चार इंटर्सेप्शन किए, जिनमें से दो टचडाउन के लिए लौटाए गए थे।",56d9992fdc89441400fdb59f,2015 के लिए पैंथर्स टैकल का लीडर कौन था?,618,ल्यूक क्युचली।
13,"पैंथर्स की डिफ़ेन्स ने लीग में केवल 308 अंक दिए और छठे स्थान पर रहे जबकि 24 इन्टरसेप्शन और चार प्रो बाउल चयन के साथ NFL में अग्रणी रहे। 11 प्रो बाउल डिफ़ेंसिव टैकल के साथ कावन शॉर्ट ने सैक में टीम का नेतृत्व किया, जबकि तीन फ़म्बल किए और दो की रिकवरी  की। साथी लाइनमैन मारिओ एडिसन ने 6½ सैक जोड़े। पैंथर्स लाइन के अनुभवी डिफ़ेंसिव छोर में 5-बार के प्रो बॉलर जेरेड एलेन भी शामिल थे, जो 136 के साथ NFL के सक्रिय करियर सैक लीडर थे, साथ ही डिफ़ेंसिव छोर में कोनी एलियल थे, जिनके पास केवल शुरुआत के 9 में 5 सैक थे। उनके पीछे, पैंथर्स के तीन शुरुआती लाइनबैकर्स में से 2 को भी प्रो बाउल में खेलने के लिए चुना गया था: थॉमस डेविस और ल्यूक क्युचली। डेविस ने 5½ सैक, चार फ़ोर्स्ड फ़म्बल, और चार इंटरसेप्शन पुरे किए, जबकि कुएक्ली ने टैकल में टीम का नेतृत्व किया (118) दो फ़ोर्स्ड फ़म्बल, और अपने स्वयं के चार पास को इंटरसेप्ट किए। कैरोलिना की सेकेंडरी में प्रो बाउल सुरक्षा में कर्ट कोलमैन थे, जिन्होंने करियर के सबसे अच्छे सात इंटर्सेप्शन के साथ टीम का नेतृत्व किया, जबकि 88 टैकल भी पुरे किए और प्रो बाउल कॉर्नरबैक जोश नॉर्मन जो सीज़न के दौरान एक शटडाउन कार्नर के रूप में भी विकसित हुए ने चार इंटर्सेप्शन किए, जिनमें से दो टचडाउन के लिए लौटाए गए थे।",56d9992fdc89441400fdb5a0,2015 में जोश नॉर्मन ने कितने इंटर्सेप्शन को टचडाउन में परिवर्तित किया?,234,दो की रिकवरी  की।
14,"ब्रोंकोस ने खेल के अंतिम तीन मिनट में 11 अंक बनाकर डिवीजनल राउंड में पिट्सबर्ग स्टीलर्स को  23–16 से हराया। फिर उन्होंने एएफसी चैम्पियनशिप गेम में न्यू इंग्लैंड के 2-अंक के रूपांतरण के प्रयास के एक पास को इंटरसेप्ट करके मौजूदा सुपर बाउल XLIX चैंपियन न्यू इंग्लैंड पैट्रिओट्स को 17 सेकंड रहते हुए 20–18 से हराया। सीज़न के दौरान मैनिंग की इंटर्सेप्शन की समस्याओं के बावजूद, वे अपने दो प्लेऑफ़ गेम में कोई भी गेम नहीं हारे।",56beb7953aeaaa14008c92ab,डिवीजनल राउंड में ब्रोंकोस से कौन हारा?,69,पिट्सबर्ग स्टीलर्स
15,"ब्रोंकोस ने खेल के अंतिम तीन मिनट में 11 अंक बनाकर डिवीजनल राउंड में पिट्सबर्ग स्टीलर्स को  23–16 से हराया। फिर उन्होंने एएफसी चैम्पियनशिप गेम में न्यू इंग्लैंड के 2-अंक के रूपांतरण के प्रयास के एक पास को इंटरसेप्ट करके मौजूदा सुपर बाउल XLIX चैंपियन न्यू इंग्लैंड पैट्रिओट्स को 17 सेकंड रहते हुए 20–18 से हराया। सीज़न के दौरान मैनिंग की इंटर्सेप्शन की समस्याओं के बावजूद, वे अपने दो प्लेऑफ़ गेम में कोई भी गेम नहीं हारे।",56beb7953aeaaa14008c92ac,पिट्सबर्ग के विरुद्ध गेम के अंतिम तीन मिनट में ब्रोंकोस ने कितने अंक हासिल किए?,38,11
16,"ब्रोंकोस ने खेल के अंतिम तीन मिनट में 11 अंक बनाकर डिवीजनल राउंड में पिट्सबर्ग स्टीलर्स को  23–16 से हराया। फिर उन्होंने एएफसी चैम्पियनशिप गेम में न्यू इंग्लैंड के 2-अंक के रूपांतरण के प्रयास के एक पास को इंटरसेप्ट करके मौजूदा सुपर बाउल XLIX चैंपियन न्यू इंग्लैंड पैट्रिओट्स को 17 सेकंड रहते हुए 20–18 से हराया। सीज़न के दौरान मैनिंग की इंटर्सेप्शन की समस्याओं के बावजूद, वे अपने दो प्लेऑफ़ गेम में कोई भी गेम नहीं हारे।",56beb7953aeaaa14008c92ad,सुपर बाउल XLIX किसने जीता?,250,न्यू इंग्लैंड पैट्रिओट्स
17,"ब्रोंकोस ने खेल के अंतिम तीन मिनट में 11 अंक बनाकर डिवीजनल राउंड में पिट्सबर्ग स्टीलर्स को  23–16 से हराया। फिर उन्होंने एएफसी चैम्पियनशिप गेम में न्यू इंग्लैंड के 2-अंक के रूपांतरण के प्रयास के एक पास को इंटरसेप्ट करके मौजूदा सुपर बाउल XLIX चैंपियन न्यू इंग्लैंड पैट्रिओट्स को 17 सेकंड रहते हुए 20–18 से हराया। सीज़न के दौरान मैनिंग की इंटर्सेप्शन की समस्याओं के बावजूद, वे अपने दो प्लेऑफ़ गेम में कोई भी गेम नहीं हारे।",56beb7953aeaaa14008c92ae,एएफसी चैम्पियनशिप गेम का अंतिम स्कोर क्या था?,296,20–18
18,"ब्रोंकोस ने खेल के अंतिम तीन मिनट में 11 अंक बनाकर डिवीजनल राउंड में पिट्सबर्ग स्टीलर्स को  23–16 से हराया। फिर उन्होंने एएफसी चैम्पियनशिप गेम में न्यू इंग्लैंड के 2-अंक के रूपांतरण के प्रयास के एक पास को इंटरसेप्ट करके मौजूदा सुपर बाउल XLIX चैंपियन न्यू इंग्लैंड पैट्रिओट्स को 17 सेकंड रहते हुए 20–18 से हराया। सीज़न के दौरान मैनिंग की इंटर्सेप्शन की समस्याओं के बावजूद, वे अपने दो प्लेऑफ़ गेम में कोई भी गेम नहीं हारे।",56beb7953aeaaa14008c92af,"जब ब्रोंकोस ने एएफसी चैंपियनशिप गेम जीतने में सफलता प्राप्त की, तब घड़ी में कितना समय बचा था?",278,17 सेकंड
19,"ब्रोंकोस ने खेल के अंतिम तीन मिनट में 11 अंक बनाकर डिवीजनल राउंड में पिट्सबर्ग स्टीलर्स को  23–16 से हराया। फिर उन्होंने एएफसी चैम्पियनशिप गेम में न्यू इंग्लैंड के 2-अंक के रूपांतरण के प्रयास के एक पास को इंटरसेप्ट करके मौजूदा सुपर बाउल XLIX चैंपियन न्यू इंग्लैंड पैट्रिओट्स को 17 सेकंड रहते हुए 20–18 से हराया। सीज़न के दौरान मैनिंग की इंटर्सेप्शन की समस्याओं के बावजूद, वे अपने दो प्लेऑफ़ गेम में कोई भी गेम नहीं हारे।",56bf36b93aeaaa14008c9561,ब्रोंकोस और स्टीलर्स के बीच डिवीजनल राउंड की विजेता कौन सी टीम थी?,0,ब्रोंकोस
20,"ब्रोंकोस ने खेल के अंतिम तीन मिनट में 11 अंक बनाकर डिवीजनल राउंड में पिट्सबर्ग स्टीलर्स को  23–16 से हराया। फिर उन्होंने एएफसी चैम्पियनशिप गेम में न्यू इंग्लैंड के 2-अंक के रूपांतरण के प्रयास के एक पास को इंटरसेप्ट करके मौजूदा सुपर बाउल XLIX चैंपियन न्यू इंग्लैंड पैट्रिओट्स को 17 सेकंड रहते हुए 20–18 से हराया। सीज़न के दौरान मैनिंग की इंटर्सेप्शन की समस्याओं के बावजूद, वे अपने दो प्लेऑफ़ गेम में कोई भी गेम नहीं हारे।",56bf36b93aeaaa14008c9562,ब्रोंकोस और स्टीलर्स के बीच खेल का अंतिम स्कोर क्या था?,92,23–16
21,"ब्रोंकोस ने खेल के अंतिम तीन मिनट में 11 अंक बनाकर डिवीजनल राउंड में पिट्सबर्ग स्टीलर्स को  23–16 से हराया। फिर उन्होंने एएफसी चैम्पियनशिप गेम में न्यू इंग्लैंड के 2-अंक के रूपांतरण के प्रयास के एक पास को इंटरसेप्ट करके मौजूदा सुपर बाउल XLIX चैंपियन न्यू इंग्लैंड पैट्रिओट्स को 17 सेकंड रहते हुए 20–18 से हराया। सीज़न के दौरान मैनिंग की इंटर्सेप्शन की समस्याओं के बावजूद, वे अपने दो प्लेऑफ़ गेम में कोई भी गेम नहीं हारे।",56bf36b93aeaaa14008c9563,सुपर बाउल XLIX किसने जीता?,250,न्यू इंग्लैंड पैट्रिओट्स
22,"ब्रोंकोस ने खेल के अंतिम तीन मिनट में 11 अंक बनाकर डिवीजनल राउंड में पिट्सबर्ग स्टीलर्स को  23–16 से हराया। फिर उन्होंने एएफसी चैम्पियनशिप गेम में न्यू इंग्लैंड के 2-अंक के रूपांतरण के प्रयास के एक पास को इंटरसेप्ट करके मौजूदा सुपर बाउल XLIX चैंपियन न्यू इंग्लैंड पैट्रिओट्स को 17 सेकंड रहते हुए 20–18 से हराया। सीज़न के दौरान मैनिंग की इंटर्सेप्शन की समस्याओं के बावजूद, वे अपने दो प्लेऑफ़ गेम में कोई भी गेम नहीं हारे।",56bf36b93aeaaa14008c9564,जब ब्रोंकोस ने इंटरसेप्ट को रोका जिससे वे गेम जीत गए उस समय खेल में कितने सेकंड बचे थे?,278,17
23,"ब्रोंकोस ने खेल के अंतिम तीन मिनट में 11 अंक बनाकर डिवीजनल राउंड में पिट्सबर्ग स्टीलर्स को  23–16 से हराया। फिर उन्होंने एएफसी चैम्पियनशिप गेम में न्यू इंग्लैंड के 2-अंक के रूपांतरण के प्रयास के एक पास को इंटरसेप्ट करके मौजूदा सुपर बाउल XLIX चैंपियन न्यू इंग्लैंड पैट्रिओट्स को 17 सेकंड रहते हुए 20–18 से हराया। सीज़न के दौरान मैनिंग की इंटर्सेप्शन की समस्याओं के बावजूद, वे अपने दो प्लेऑफ़ गेम में कोई भी गेम नहीं हारे।",56bf36b93aeaaa14008c9565,"ब्रोंको के प्लेऑफ़ खेलों के दौरान, किसने बिल्कुल थ्रो नहीं किया?",327,मैनिंग
24,"ब्रोंकोस ने खेल के अंतिम तीन मिनट में 11 अंक बनाकर डिवीजनल राउंड में पिट्सबर्ग स्टीलर्स को  23–16 से हराया। फिर उन्होंने एएफसी चैम्पियनशिप गेम में न्यू इंग्लैंड के 2-अंक के रूपांतरण के प्रयास के एक पास को इंटरसेप्ट करके मौजूदा सुपर बाउल XLIX चैंपियन न्यू इंग्लैंड पैट्रिओट्स को 17 सेकंड रहते हुए 20–18 से हराया। सीज़न के दौरान मैनिंग की इंटर्सेप्शन की समस्याओं के बावजूद, वे अपने दो प्लेऑफ़ गेम में कोई भी गेम नहीं हारे।",56d7018a0d65d214001982c2,डिवीजनल गेम में ब्रोंकोस ने किसे हराया?,69,पिट्सबर्ग स्टीलर्स
25,"ब्रोंकोस ने खेल के अंतिम तीन मिनट में 11 अंक बनाकर डिवीजनल राउंड में पिट्सबर्ग स्टीलर्स को  23–16 से हराया। फिर उन्होंने एएफसी चैम्पियनशिप गेम में न्यू इंग्लैंड के 2-अंक के रूपांतरण के प्रयास के एक पास को इंटरसेप्ट करके मौजूदा सुपर बाउल XLIX चैंपियन न्यू इंग्लैंड पैट्रिओट्स को 17 सेकंड रहते हुए 20–18 से हराया। सीज़न के दौरान मैनिंग की इंटर्सेप्शन की समस्याओं के बावजूद, वे अपने दो प्लेऑफ़ गेम में कोई भी गेम नहीं हारे।",56d7018a0d65d214001982c3,पिट्सबर्ग खेल के अंतिम तीन मिनट में ब्रोंकोस ने कितने अंक हासिल किए?,38,11
26,"ब्रोंकोस ने खेल के अंतिम तीन मिनट में 11 अंक बनाकर डिवीजनल राउंड में पिट्सबर्ग स्टीलर्स को  23–16 से हराया। फिर उन्होंने एएफसी चैम्पियनशिप गेम में न्यू इंग्लैंड के 2-अंक के रूपांतरण के प्रयास के एक पास को इंटरसेप्ट करके मौजूदा सुपर बाउल XLIX चैंपियन न्यू इंग्लैंड पैट्रिओट्स को 17 सेकंड रहते हुए 20–18 से हराया। सीज़न के दौरान मैनिंग की इंटर्सेप्शन की समस्याओं के बावजूद, वे अपने दो प्लेऑफ़ गेम में कोई भी गेम नहीं हारे।",56d7018a0d65d214001982c5,एएफसी चैम्पियनशिप खेल में ब्रोंकोस ने किसे हराया था?,250,न्यू इंग्लैंड पैट्रिओट्स
27,"ब्रोंकोस ने खेल के अंतिम तीन मिनट में 11 अंक बनाकर डिवीजनल राउंड में पिट्सबर्ग स्टीलर्स को  23–16 से हराया। फिर उन्होंने एएफसी चैम्पियनशिप गेम में न्यू इंग्लैंड के 2-अंक के रूपांतरण के प्रयास के एक पास को इंटरसेप्ट करके मौजूदा सुपर बाउल XLIX चैंपियन न्यू इंग्लैंड पैट्रिओट्स को 17 सेकंड रहते हुए 20–18 से हराया। सीज़न के दौरान मैनिंग की इंटर्सेप्शन की समस्याओं के बावजूद, वे अपने दो प्लेऑफ़ गेम में कोई भी गेम नहीं हारे।",56d99f99dc89441400fdb628,2015 में अपना डिवीज़न जीतने के लिए ब्रोंकोस ने किसे हराया?,69,पिट्सबर्ग स्टीलर्स
28,"ब्रोंकोस ने खेल के अंतिम तीन मिनट में 11 अंक बनाकर डिवीजनल राउंड में पिट्सबर्ग स्टीलर्स को  23–16 से हराया। फिर उन्होंने एएफसी चैम्पियनशिप गेम में न्यू इंग्लैंड के 2-अंक के रूपांतरण के प्रयास के एक पास को इंटरसेप्ट करके मौजूदा सुपर बाउल XLIX चैंपियन न्यू इंग्लैंड पैट्रिओट्स को 17 सेकंड रहते हुए 20–18 से हराया। सीज़न के दौरान मैनिंग की इंटर्सेप्शन की समस्याओं के बावजूद, वे अपने दो प्लेऑफ़ गेम में कोई भी गेम नहीं हारे।",56d99f99dc89441400fdb629,एएफसी चैंपियन बनने के लिए ब्रोंकोस ने किसे हराया?,250,न्यू इंग्लैंड पैट्रिओट्स
29,"ब्रोंकोस ने खेल के अंतिम तीन मिनट में 11 अंक बनाकर डिवीजनल राउंड में पिट्सबर्ग स्टीलर्स को  23–16 से हराया। फिर उन्होंने एएफसी चैम्पियनशिप गेम में न्यू इंग्लैंड के 2-अंक के रूपांतरण के प्रयास के एक पास को इंटरसेप्ट करके मौजूदा सुपर बाउल XLIX चैंपियन न्यू इंग्लैंड पैट्रिओट्स को 17 सेकंड रहते हुए 20–18 से हराया। सीज़न के दौरान मैनिंग की इंटर्सेप्शन की समस्याओं के बावजूद, वे अपने दो प्लेऑफ़ गेम में कोई भी गेम नहीं हारे।",56d99f99dc89441400fdb62c,जब पैट्रियट्स अपने 2-अंको के रूपांतरण में विफल हुए उस समय खेल में कितने सेकंड बचे थे?,278,17
30,"पैटन मैनिंग दो अलग-अलग टीमों को मल्टीपल सुपर बाउल में लीड लड़ने वाले पहले क्वार्टरबैक बने। वह 39 में उम्र में एक सुपर बाउल खेलने वाले सबसे अधिक उम्र के क्वार्टरबैक भी हैं। पिछला रिकॉर्ड जॉन एलवे के नाम था, जिन्होंने 38 की उम्र में सुपर बाउल XXXIII जीतने में ब्रोंकोस का नेतृत्व किया और वर्तमान में डेनवर के फुटबॉल संचालन के कार्यकारी उपाध्यक्ष और महाप्रबंधक हैं।",56beb86b3aeaaa14008c92bd,सुपर बाउल 50 में खेलते समय पेटन मैनिंग की उम्र कितनी थी?,93,39
31,"पैटन मैनिंग दो अलग-अलग टीमों को मल्टीपल सुपर बाउल में लीड लड़ने वाले पहले क्वार्टरबैक बने। वह 39 में उम्र में एक सुपर बाउल खेलने वाले सबसे अधिक उम्र के क्वार्टरबैक भी हैं। पिछला रिकॉर्ड जॉन एलवे के नाम था, जिन्होंने 38 की उम्र में सुपर बाउल XXXIII जीतने में ब्रोंकोस का नेतृत्व किया और वर्तमान में डेनवर के फुटबॉल संचालन के कार्यकारी उपाध्यक्ष और महाप्रबंधक हैं।",56beb86b3aeaaa14008c92be,सुपर बाउल में खेलने वाले सबसे अधिक उम्र के क्वार्टरबैक होने का रिकॉर्ड पहले किसके पास था?,185,जॉन एलवे
32,"पैटन मैनिंग दो अलग-अलग टीमों को मल्टीपल सुपर बाउल में लीड लड़ने वाले पहले क्वार्टरबैक बने। वह 39 में उम्र में एक सुपर बाउल खेलने वाले सबसे अधिक उम्र के क्वार्टरबैक भी हैं। पिछला रिकॉर्ड जॉन एलवे के नाम था, जिन्होंने 38 की उम्र में सुपर बाउल XXXIII जीतने में ब्रोंकोस का नेतृत्व किया और वर्तमान में डेनवर के फुटबॉल संचालन के कार्यकारी उपाध्यक्ष और महाप्रबंधक हैं।",56beb86b3aeaaa14008c92bf,जॉन एलवे जब सुपर बाउल XXXIII में खेले तो वह कितने साल के थे?,215,38
33,"पैटन मैनिंग दो अलग-अलग टीमों को मल्टीपल सुपर बाउल में लीड लड़ने वाले पहले क्वार्टरबैक बने। वह 39 में उम्र में एक सुपर बाउल खेलने वाले सबसे अधिक उम्र के क्वार्टरबैक भी हैं। पिछला रिकॉर्ड जॉन एलवे के नाम था, जिन्होंने 38 की उम्र में सुपर बाउल XXXIII जीतने में ब्रोंकोस का नेतृत्व किया और वर्तमान में डेनवर के फुटबॉल संचालन के कार्यकारी उपाध्यक्ष और महाप्रबंधक हैं।",56beb86b3aeaaa14008c92c0,वर्तमान में ब्रॉनकोस फ्रैंचाइज़ी में जॉन एलवे की क्या भूमिका है?,306,फुटबॉल संचालन के कार्यकारी उपाध्यक्ष और महाप्रबंधक
34,"पैटन मैनिंग दो अलग-अलग टीमों को मल्टीपल सुपर बाउल में लीड लड़ने वाले पहले क्वार्टरबैक बने। वह 39 में उम्र में एक सुपर बाउल खेलने वाले सबसे अधिक उम्र के क्वार्टरबैक भी हैं। पिछला रिकॉर्ड जॉन एलवे के नाम था, जिन्होंने 38 की उम्र में सुपर बाउल XXXIII जीतने में ब्रोंकोस का नेतृत्व किया और वर्तमान में डेनवर के फुटबॉल संचालन के कार्यकारी उपाध्यक्ष और महाप्रबंधक हैं।",56beb86b3aeaaa14008c92c1,सुपर बाउल XXXIII में जॉन बाउल किसके लिए खेलते थे?,257,ब्रोंकोस
35,"पैटन मैनिंग दो अलग-अलग टीमों को मल्टीपल सुपर बाउल में लीड लड़ने वाले पहले क्वार्टरबैक बने। वह 39 में उम्र में एक सुपर बाउल खेलने वाले सबसे अधिक उम्र के क्वार्टरबैक भी हैं। पिछला रिकॉर्ड जॉन एलवे के नाम था, जिन्होंने 38 की उम्र में सुपर बाउल XXXIII जीतने में ब्रोंकोस का नेतृत्व किया और वर्तमान में डेनवर के फुटबॉल संचालन के कार्यकारी उपाध्यक्ष और महाप्रबंधक हैं।",56bf3fd53aeaaa14008c9591,सुपर बाउल XXXIII की विजेता कौन सी टीम थी?,257,ब्रोंकोस
36,"पैटन मैनिंग दो अलग-अलग टीमों को मल्टीपल सुपर बाउल में लीड लड़ने वाले पहले क्वार्टरबैक बने। वह 39 में उम्र में एक सुपर बाउल खेलने वाले सबसे अधिक उम्र के क्वार्टरबैक भी हैं। पिछला रिकॉर्ड जॉन एलवे के नाम था, जिन्होंने 38 की उम्र में सुपर बाउल XXXIII जीतने में ब्रोंकोस का नेतृत्व किया और वर्तमान में डेनवर के फुटबॉल संचालन के कार्यकारी उपाध्यक्ष और महाप्रबंधक हैं।",56bf3fd53aeaaa14008c9592,ब्रोंकोस के महाप्रबंधक कौन है?,185,जॉन एलवे
37,"पैटन मैनिंग दो अलग-अलग टीमों को मल्टीपल सुपर बाउल में लीड लड़ने वाले पहले क्वार्टरबैक बने। वह 39 में उम्र में एक सुपर बाउल खेलने वाले सबसे अधिक उम्र के क्वार्टरबैक भी हैं। पिछला रिकॉर्ड जॉन एलवे के नाम था, जिन्होंने 38 की उम्र में सुपर बाउल XXXIII जीतने में ब्रोंकोस का नेतृत्व किया और वर्तमान में डेनवर के फुटबॉल संचालन के कार्यकारी उपाध्यक्ष और महाप्रबंधक हैं।",56bf3fd53aeaaa14008c9593,सुपर बाउल XXXIII की जीत के दौरान एलवे कितने साल के थे?,215,38
38,"पैटन मैनिंग दो अलग-अलग टीमों को मल्टीपल सुपर बाउल में लीड लड़ने वाले पहले क्वार्टरबैक बने। वह 39 में उम्र में एक सुपर बाउल खेलने वाले सबसे अधिक उम्र के क्वार्टरबैक भी हैं। पिछला रिकॉर्ड जॉन एलवे के नाम था, जिन्होंने 38 की उम्र में सुपर बाउल XXXIII जीतने में ब्रोंकोस का नेतृत्व किया और वर्तमान में डेनवर के फुटबॉल संचालन के कार्यकारी उपाध्यक्ष और महाप्रबंधक हैं।",56bf3fd53aeaaa14008c9594,किसी भी सुपर बाउल खेल में सबसे अधिक उम्र का क्वार्टर होने का रिकॉर्ड किसके नाम है?,0,पैटन मैनिंग
39,"पैटन मैनिंग दो अलग-अलग टीमों को मल्टीपल सुपर बाउल में लीड लड़ने वाले पहले क्वार्टरबैक बने। वह 39 में उम्र में एक सुपर बाउल खेलने वाले सबसे अधिक उम्र के क्वार्टरबैक भी हैं। पिछला रिकॉर्ड जॉन एलवे के नाम था, जिन्होंने 38 की उम्र में सुपर बाउल XXXIII जीतने में ब्रोंकोस का नेतृत्व किया और वर्तमान में डेनवर के फुटबॉल संचालन के कार्यकारी उपाध्यक्ष और महाप्रबंधक हैं।",56bf3fd53aeaaa14008c9595,मैनिंग टीम में रहते हुए सुपर बाउल तक पहुँचने वाली कितनी टीमों के लिए खेले थे?,12,दो
40,"पैटन मैनिंग दो अलग-अलग टीमों को मल्टीपल सुपर बाउल में लीड लड़ने वाले पहले क्वार्टरबैक बने। वह 39 में उम्र में एक सुपर बाउल खेलने वाले सबसे अधिक उम्र के क्वार्टरबैक भी हैं। पिछला रिकॉर्ड जॉन एलवे के नाम था, जिन्होंने 38 की उम्र में सुपर बाउल XXXIII जीतने में ब्रोंकोस का नेतृत्व किया और वर्तमान में डेनवर के फुटबॉल संचालन के कार्यकारी उपाध्यक्ष और महाप्रबंधक हैं।",56d704430d65d214001982de,पीटन मैनिंग ने सुपर बाउल में कितनी अलग-अलग टीमों को पहुँचाया?,12,दो
41,"पैटन मैनिंग दो अलग-अलग टीमों को मल्टीपल सुपर बाउल में लीड लड़ने वाले पहले क्वार्टरबैक बने। वह 39 में उम्र में एक सुपर बाउल खेलने वाले सबसे अधिक उम्र के क्वार्टरबैक भी हैं। पिछला रिकॉर्ड जॉन एलवे के नाम था, जिन्होंने 38 की उम्र में सुपर बाउल XXXIII जीतने में ब्रोंकोस का नेतृत्व किया और वर्तमान में डेनवर के फुटबॉल संचालन के कार्यकारी उपाध्यक्ष और महाप्रबंधक हैं।",56d704430d65d214001982e0,सुपर बाउल में खेलने वाले सबसे अधिक उम्र के क्वार्टरबैक कौन थे?,0,पैटन मैनिंग
42,"पैटन मैनिंग दो अलग-अलग टीमों को मल्टीपल सुपर बाउल में लीड लड़ने वाले पहले क्वार्टरबैक बने। वह 39 में उम्र में एक सुपर बाउल खेलने वाले सबसे अधिक उम्र के क्वार्टरबैक भी हैं। पिछला रिकॉर्ड जॉन एलवे के नाम था, जिन्होंने 38 की उम्र में सुपर बाउल XXXIII जीतने में ब्रोंकोस का नेतृत्व किया और वर्तमान में डेनवर के फुटबॉल संचालन के कार्यकारी उपाध्यक्ष और महाप्रबंधक हैं।",56d704430d65d214001982e1,"मैनिंग से पहले, सुपर बाउल में खेलने वाले सबसे अधिक उम्र के क्वार्टरबैक कौन थे?",185,जॉन एलवे
43,"पैटन मैनिंग दो अलग-अलग टीमों को मल्टीपल सुपर बाउल में लीड लड़ने वाले पहले क्वार्टरबैक बने। वह 39 में उम्र में एक सुपर बाउल खेलने वाले सबसे अधिक उम्र के क्वार्टरबैक भी हैं। पिछला रिकॉर्ड जॉन एलवे के नाम था, जिन्होंने 38 की उम्र में सुपर बाउल XXXIII जीतने में ब्रोंकोस का नेतृत्व किया और वर्तमान में डेनवर के फुटबॉल संचालन के कार्यकारी उपाध्यक्ष और महाप्रबंधक हैं।",56d704430d65d214001982e2,38 साल की उम्र में एलवे ने किस सुपर बाउल को जीता था?,230,सुपर बाउल XXXIII
44,"पैटन मैनिंग दो अलग-अलग टीमों को मल्टीपल सुपर बाउल में लीड लड़ने वाले पहले क्वार्टरबैक बने। वह 39 में उम्र में एक सुपर बाउल खेलने वाले सबसे अधिक उम्र के क्वार्टरबैक भी हैं। पिछला रिकॉर्ड जॉन एलवे के नाम था, जिन्होंने 38 की उम्र में सुपर बाउल XXXIII जीतने में ब्रोंकोस का नेतृत्व किया और वर्तमान में डेनवर के फुटबॉल संचालन के कार्यकारी उपाध्यक्ष और महाप्रबंधक हैं।",56d9a0eadc89441400fdb63e,दो टीमों को एक से अधिक सुपर बाउल में पहुँचाने वाले पहले क्वार्टरबैक कौन थे?,0,पैटन मैनिंग
45,"पैटन मैनिंग दो अलग-अलग टीमों को मल्टीपल सुपर बाउल में लीड लड़ने वाले पहले क्वार्टरबैक बने। वह 39 में उम्र में एक सुपर बाउल खेलने वाले सबसे अधिक उम्र के क्वार्टरबैक भी हैं। पिछला रिकॉर्ड जॉन एलवे के नाम था, जिन्होंने 38 की उम्र में सुपर बाउल XXXIII जीतने में ब्रोंकोस का नेतृत्व किया और वर्तमान में डेनवर के फुटबॉल संचालन के कार्यकारी उपाध्यक्ष और महाप्रबंधक हैं।",56d9a0eadc89441400fdb63f,सुपर बाउल 50 खेलते समय मैनिंग कितने साल के थे?,93,39
46,"पैटन मैनिंग दो अलग-अलग टीमों को मल्टीपल सुपर बाउल में लीड लड़ने वाले पहले क्वार्टरबैक बने। वह 39 में उम्र में एक सुपर बाउल खेलने वाले सबसे अधिक उम्र के क्वार्टरबैक भी हैं। पिछला रिकॉर्ड जॉन एलवे के नाम था, जिन्होंने 38 की उम्र में सुपर बाउल XXXIII जीतने में ब्रोंकोस का नेतृत्व किया और वर्तमान में डेनवर के फुटबॉल संचालन के कार्यकारी उपाध्यक्ष और महाप्रबंधक हैं।",56d9a0eadc89441400fdb640,सुपर बाउल XXXIII में 38 साल की उम्र वाले क्वार्टरबैक का नाम क्या है?,185,जॉन एलवे
47,"छह बार की ग्रैमी विजेता और अकादमी पुरस्कार के लिए नामांकित लेडी गागा ने राष्ट्रगान प्रस्तुत किया, जबकि अकादमी पुरस्कार विजेता मार्ली मैटलिन ने अमेरिकी सांकेतिक भाषा (ASL) अनुवाद प्रदान किया।",56bec6ac3aeaaa14008c93fd,लेडी गागा ने कितने ग्रैमी जीते हैं?,0,छह
48,"छह बार की ग्रैमी विजेता और अकादमी पुरस्कार के लिए नामांकित लेडी गागा ने राष्ट्रगान प्रस्तुत किया, जबकि अकादमी पुरस्कार विजेता मार्ली मैटलिन ने अमेरिकी सांकेतिक भाषा (ASL) अनुवाद प्रदान किया।",56bec6ac3aeaaa14008c93fe,लेडी गागा ने क्या गाया?,72,राष्ट्रगान
49,"छह बार की ग्रैमी विजेता और अकादमी पुरस्कार के लिए नामांकित लेडी गागा ने राष्ट्रगान प्रस्तुत किया, जबकि अकादमी पुरस्कार विजेता मार्ली मैटलिन ने अमेरिकी सांकेतिक भाषा (ASL) अनुवाद प्रदान किया।",56bec6ac3aeaaa14008c93ff,मार्ली मैटलिन ने कौन सा पुरस्कार जीता है?,27,अकादमी पुरस्कार
50,"छह बार की ग्रैमी विजेता और अकादमी पुरस्कार के लिए नामांकित लेडी गागा ने राष्ट्रगान प्रस्तुत किया, जबकि अकादमी पुरस्कार विजेता मार्ली मैटलिन ने अमेरिकी सांकेतिक भाषा (ASL) अनुवाद प्रदान किया।",56bec6ac3aeaaa14008c9400,मार्ली मैटलिन ने किसका अनुवाद किया?,72,राष्ट्रगान
51,"छह बार की ग्रैमी विजेता और अकादमी पुरस्कार के लिए नामांकित लेडी गागा ने राष्ट्रगान प्रस्तुत किया, जबकि अकादमी पुरस्कार विजेता मार्ली मैटलिन ने अमेरिकी सांकेतिक भाषा (ASL) अनुवाद प्रदान किया।",56bec6ac3aeaaa14008c9401,मार्ली मैटलिन ने किस भाषा में राष्ट्रगान का अनुवाद किया था?,143,अमेरिकी सांकेतिक भाषा
52,"छह बार की ग्रैमी विजेता और अकादमी पुरस्कार के लिए नामांकित लेडी गागा ने राष्ट्रगान प्रस्तुत किया, जबकि अकादमी पुरस्कार विजेता मार्ली मैटलिन ने अमेरिकी सांकेतिक भाषा (ASL) अनुवाद प्रदान किया।",56d20650e7d4791d00902614,राष्ट्रगान किसने गाया?,59,लेडी गागा
53,"छह बार की ग्रैमी विजेता और अकादमी पुरस्कार के लिए नामांकित लेडी गागा ने राष्ट्रगान प्रस्तुत किया, जबकि अकादमी पुरस्कार विजेता मार्ली मैटलिन ने अमेरिकी सांकेतिक भाषा (ASL) अनुवाद प्रदान किया।",56d20650e7d4791d00902615,एएसएल गेम के लिए किस अभिनेत्री ने अनुवाद किया?,126,मार्ली मैटलिन
54,"छह बार की ग्रैमी विजेता और अकादमी पुरस्कार के लिए नामांकित लेडी गागा ने राष्ट्रगान प्रस्तुत किया, जबकि अकादमी पुरस्कार विजेता मार्ली मैटलिन ने अमेरिकी सांकेतिक भाषा (ASL) अनुवाद प्रदान किया।",56d7253b0d65d214001983d4,सुपर बाउल 50 में राष्ट्रगान किसने प्रस्तुत किया था?,59,लेडी गागा
55,"छह बार की ग्रैमी विजेता और अकादमी पुरस्कार के लिए नामांकित लेडी गागा ने राष्ट्रगान प्रस्तुत किया, जबकि अकादमी पुरस्कार विजेता मार्ली मैटलिन ने अमेरिकी सांकेतिक भाषा (ASL) अनुवाद प्रदान किया।",56d7253b0d65d214001983d5,सुपर बाउल 50 में राष्ट्रगान के लिए किस अभिनेता ने सांकेतिक भाषा का काम किया?,126,मार्ली मैटलिन
56,"छह बार की ग्रैमी विजेता और अकादमी पुरस्कार के लिए नामांकित लेडी गागा ने राष्ट्रगान प्रस्तुत किया, जबकि अकादमी पुरस्कार विजेता मार्ली मैटलिन ने अमेरिकी सांकेतिक भाषा (ASL) अनुवाद प्रदान किया।",56d9c455dc89441400fdb7c4,सुपर बाउल 50 राष्ट्रगान किसने गाया था?,59,लेडी गागा
57,"छह बार की ग्रैमी विजेता और अकादमी पुरस्कार के लिए नामांकित लेडी गागा ने राष्ट्रगान प्रस्तुत किया, जबकि अकादमी पुरस्कार विजेता मार्ली मैटलिन ने अमेरिकी सांकेतिक भाषा (ASL) अनुवाद प्रदान किया।",56d9c455dc89441400fdb7c5,टेक्स्ट के अनुसार लेडी गागा ने कितने ग्रैमी पुरस्कार जीते हैं?,0,छह
58,"छह बार की ग्रैमी विजेता और अकादमी पुरस्कार के लिए नामांकित लेडी गागा ने राष्ट्रगान प्रस्तुत किया, जबकि अकादमी पुरस्कार विजेता मार्ली मैटलिन ने अमेरिकी सांकेतिक भाषा (ASL) अनुवाद प्रदान किया।",56d9c455dc89441400fdb7c6,सुपर बाउल 50 में राष्ट्रगान की सांकेतिक भाषा किसने प्रस्तुत की थी?,126,मार्ली मैटलिन
59,"समाप्ति के 4:51 समय पहले, कैरोलिना ने अपने 24 यार्ड लाइन में बॉल प्राप्त किया जिससे गेम जीतने वाली ड्राइव का मौका था लेकिन जल्द ही उन्हें 3rd-and-9 का सामना करना पड़ा। अगले खेल में, मिलर गेंद को न्यूटन से दूर ले गए, और कई खिलाड़ियों ने इसके लिए प्रयास करने के बाद, इसने पीछे की तरफ एक लंबा उछाल लिया और इसे वार्ड द्वारा प्राप्त किया गया,  जिसने इसे पाँच यार्ड की दूरी पर वापस भेजा जो पैंथर्स के 4-यार्ड लाइन के अंदर था। हालाँकि कई खिलाडियों ने इसे प्राप्त करने के लिए समूह में प्रयास किया, लेकिन न्यूटन ने ऐसा नहीं किया और उनकी आक्रामकता की कमी के कारण बाद में उनकी भारी आलोचना हुई। इस बीच, तीन खेलों के लिए डेनवर के आक्रमण को अंत छोर से बाहर बाहर रखा गया था, लेकिन जोश नॉर्मन के कॉर्नरबैक पर दिए गए पेनल्टी ने ब्रोंकोस को और भी परेशान कर दिया। तब एंडरसन ने 2-यार्ड टचडाउन रन पर अंक अर्जित किए और मैनिंग ने 2-पॉइंट के रूपांतरण के लिए बेनी फ़ाउलर को पास दिया, 3:08 समय रहते हुए डेनवर को 24-10 की बढ़त दी और खेल को लगभग जीत लिया। कैरोलिना ने दो और ड्राइव का प्रयास किया, लेकिन हर एक पर फ़र्स्ट डाउन पाने करने में असफल रहे।",56beca913aeaaa14008c946d,खेल पूरा होने में 4:51 समय पहले कैरोलिना ने किस यार्ड लाइन से शुरुआत की?,43,24
60,"समाप्ति के 4:51 समय पहले, कैरोलिना ने अपने 24 यार्ड लाइन में बॉल प्राप्त किया जिससे गेम जीतने वाली ड्राइव का मौका था लेकिन जल्द ही उन्हें 3rd-and-9 का सामना करना पड़ा। अगले खेल में, मिलर गेंद को न्यूटन से दूर ले गए, और कई खिलाड़ियों ने इसके लिए प्रयास करने के बाद, इसने पीछे की तरफ एक लंबा उछाल लिया और इसे वार्ड द्वारा प्राप्त किया गया,  जिसने इसे पाँच यार्ड की दूरी पर वापस भेजा जो पैंथर्स के 4-यार्ड लाइन के अंदर था। हालाँकि कई खिलाडियों ने इसे प्राप्त करने के लिए समूह में प्रयास किया, लेकिन न्यूटन ने ऐसा नहीं किया और उनकी आक्रामकता की कमी के कारण बाद में उनकी भारी आलोचना हुई। इस बीच, तीन खेलों के लिए डेनवर के आक्रमण को अंत छोर से बाहर बाहर रखा गया था, लेकिन जोश नॉर्मन के कॉर्नरबैक पर दिए गए पेनल्टी ने ब्रोंकोस को और भी परेशान कर दिया। तब एंडरसन ने 2-यार्ड टचडाउन रन पर अंक अर्जित किए और मैनिंग ने 2-पॉइंट के रूपांतरण के लिए बेनी फ़ाउलर को पास दिया, 3:08 समय रहते हुए डेनवर को 24-10 की बढ़त दी और खेल को लगभग जीत लिया। कैरोलिना ने दो और ड्राइव का प्रयास किया, लेकिन हर एक पर फ़र्स्ट डाउन पाने करने में असफल रहे।",56beca913aeaaa14008c946e,3rd-and-9 पर किसने बॉल फ़म्बल की?,195,न्यूटन
61,"समाप्ति के 4:51 समय पहले, कैरोलिना ने अपने 24 यार्ड लाइन में बॉल प्राप्त किया जिससे गेम जीतने वाली ड्राइव का मौका था लेकिन जल्द ही उन्हें 3rd-and-9 का सामना करना पड़ा। अगले खेल में, मिलर गेंद को न्यूटन से दूर ले गए, और कई खिलाड़ियों ने इसके लिए प्रयास करने के बाद, इसने पीछे की तरफ एक लंबा उछाल लिया और इसे वार्ड द्वारा प्राप्त किया गया,  जिसने इसे पाँच यार्ड की दूरी पर वापस भेजा जो पैंथर्स के 4-यार्ड लाइन के अंदर था। हालाँकि कई खिलाडियों ने इसे प्राप्त करने के लिए समूह में प्रयास किया, लेकिन न्यूटन ने ऐसा नहीं किया और उनकी आक्रामकता की कमी के कारण बाद में उनकी भारी आलोचना हुई। इस बीच, तीन खेलों के लिए डेनवर के आक्रमण को अंत छोर से बाहर बाहर रखा गया था, लेकिन जोश नॉर्मन के कॉर्नरबैक पर दिए गए पेनल्टी ने ब्रोंकोस को और भी परेशान कर दिया। तब एंडरसन ने 2-यार्ड टचडाउन रन पर अंक अर्जित किए और मैनिंग ने 2-पॉइंट के रूपांतरण के लिए बेनी फ़ाउलर को पास दिया, 3:08 समय रहते हुए डेनवर को 24-10 की बढ़त दी और खेल को लगभग जीत लिया। कैरोलिना ने दो और ड्राइव का प्रयास किया, लेकिन हर एक पर फ़र्स्ट डाउन पाने करने में असफल रहे।",56beca913aeaaa14008c946f,थर्ड डाउन को रोकने के लिए पैंथर डिफ़ेंडर को क्या कहा गया?,666,जोश नॉर्मन
62,"समाप्ति के 4:51 समय पहले, कैरोलिना ने अपने 24 यार्ड लाइन में बॉल प्राप्त किया जिससे गेम जीतने वाली ड्राइव का मौका था लेकिन जल्द ही उन्हें 3rd-and-9 का सामना करना पड़ा। अगले खेल में, मिलर गेंद को न्यूटन से दूर ले गए, और कई खिलाड़ियों ने इसके लिए प्रयास करने के बाद, इसने पीछे की तरफ एक लंबा उछाल लिया और इसे वार्ड द्वारा प्राप्त किया गया,  जिसने इसे पाँच यार्ड की दूरी पर वापस भेजा जो पैंथर्स के 4-यार्ड लाइन के अंदर था। हालाँकि कई खिलाडियों ने इसे प्राप्त करने के लिए समूह में प्रयास किया, लेकिन न्यूटन ने ऐसा नहीं किया और उनकी आक्रामकता की कमी के कारण बाद में उनकी भारी आलोचना हुई। इस बीच, तीन खेलों के लिए डेनवर के आक्रमण को अंत छोर से बाहर बाहर रखा गया था, लेकिन जोश नॉर्मन के कॉर्नरबैक पर दिए गए पेनल्टी ने ब्रोंकोस को और भी परेशान कर दिया। तब एंडरसन ने 2-यार्ड टचडाउन रन पर अंक अर्जित किए और मैनिंग ने 2-पॉइंट के रूपांतरण के लिए बेनी फ़ाउलर को पास दिया, 3:08 समय रहते हुए डेनवर को 24-10 की बढ़त दी और खेल को लगभग जीत लिया। कैरोलिना ने दो और ड्राइव का प्रयास किया, लेकिन हर एक पर फ़र्स्ट डाउन पाने करने में असफल रहे।",56beca913aeaaa14008c9470,2 से किस खिलाड़ी ने गेंद को अंदर पहुँचाया?,748,एंडरसन
63,"समाप्ति के 4:51 समय पहले, कैरोलिना ने अपने 24 यार्ड लाइन में बॉल प्राप्त किया जिससे गेम जीतने वाली ड्राइव का मौका था लेकिन जल्द ही उन्हें 3rd-and-9 का सामना करना पड़ा। अगले खेल में, मिलर गेंद को न्यूटन से दूर ले गए, और कई खिलाड़ियों ने इसके लिए प्रयास करने के बाद, इसने पीछे की तरफ एक लंबा उछाल लिया और इसे वार्ड द्वारा प्राप्त किया गया,  जिसने इसे पाँच यार्ड की दूरी पर वापस भेजा जो पैंथर्स के 4-यार्ड लाइन के अंदर था। हालाँकि कई खिलाडियों ने इसे प्राप्त करने के लिए समूह में प्रयास किया, लेकिन न्यूटन ने ऐसा नहीं किया और उनकी आक्रामकता की कमी के कारण बाद में उनकी भारी आलोचना हुई। इस बीच, तीन खेलों के लिए डेनवर के आक्रमण को अंत छोर से बाहर बाहर रखा गया था, लेकिन जोश नॉर्मन के कॉर्नरबैक पर दिए गए पेनल्टी ने ब्रोंकोस को और भी परेशान कर दिया। तब एंडरसन ने 2-यार्ड टचडाउन रन पर अंक अर्जित किए और मैनिंग ने 2-पॉइंट के रूपांतरण के लिए बेनी फ़ाउलर को पास दिया, 3:08 समय रहते हुए डेनवर को 24-10 की बढ़त दी और खेल को लगभग जीत लिया। कैरोलिना ने दो और ड्राइव का प्रयास किया, लेकिन हर एक पर फ़र्स्ट डाउन पाने करने में असफल रहे।",56beca913aeaaa14008c9471,2-अंक के रूपांतरण को सफलता पूर्वक प्राप्त करनेवाला कौन था?,834,बेनी फ़ाउलर
64,"समाप्ति के 4:51 समय पहले, कैरोलिना ने अपने 24 यार्ड लाइन में बॉल प्राप्त किया जिससे गेम जीतने वाली ड्राइव का मौका था लेकिन जल्द ही उन्हें 3rd-and-9 का सामना करना पड़ा। अगले खेल में, मिलर गेंद को न्यूटन से दूर ले गए, और कई खिलाड़ियों ने इसके लिए प्रयास करने के बाद, इसने पीछे की तरफ एक लंबा उछाल लिया और इसे वार्ड द्वारा प्राप्त किया गया,  जिसने इसे पाँच यार्ड की दूरी पर वापस भेजा जो पैंथर्स के 4-यार्ड लाइन के अंदर था। हालाँकि कई खिलाडियों ने इसे प्राप्त करने के लिए समूह में प्रयास किया, लेकिन न्यूटन ने ऐसा नहीं किया और उनकी आक्रामकता की कमी के कारण बाद में उनकी भारी आलोचना हुई। इस बीच, तीन खेलों के लिए डेनवर के आक्रमण को अंत छोर से बाहर बाहर रखा गया था, लेकिन जोश नॉर्मन के कॉर्नरबैक पर दिए गए पेनल्टी ने ब्रोंकोस को और भी परेशान कर दिया। तब एंडरसन ने 2-यार्ड टचडाउन रन पर अंक अर्जित किए और मैनिंग ने 2-पॉइंट के रूपांतरण के लिए बेनी फ़ाउलर को पास दिया, 3:08 समय रहते हुए डेनवर को 24-10 की बढ़त दी और खेल को लगभग जीत लिया। कैरोलिना ने दो और ड्राइव का प्रयास किया, लेकिन हर एक पर फ़र्स्ट डाउन पाने करने में असफल रहे।",56d726b60d65d214001983ea,3rd and nine पर न्यूटन से गेंद किसने छीनी?,182,मिलर
65,"समाप्ति के 4:51 समय पहले, कैरोलिना ने अपने 24 यार्ड लाइन में बॉल प्राप्त किया जिससे गेम जीतने वाली ड्राइव का मौका था लेकिन जल्द ही उन्हें 3rd-and-9 का सामना करना पड़ा। अगले खेल में, मिलर गेंद को न्यूटन से दूर ले गए, और कई खिलाड़ियों ने इसके लिए प्रयास करने के बाद, इसने पीछे की तरफ एक लंबा उछाल लिया और इसे वार्ड द्वारा प्राप्त किया गया,  जिसने इसे पाँच यार्ड की दूरी पर वापस भेजा जो पैंथर्स के 4-यार्ड लाइन के अंदर था। हालाँकि कई खिलाडियों ने इसे प्राप्त करने के लिए समूह में प्रयास किया, लेकिन न्यूटन ने ऐसा नहीं किया और उनकी आक्रामकता की कमी के कारण बाद में उनकी भारी आलोचना हुई। इस बीच, तीन खेलों के लिए डेनवर के आक्रमण को अंत छोर से बाहर बाहर रखा गया था, लेकिन जोश नॉर्मन के कॉर्नरबैक पर दिए गए पेनल्टी ने ब्रोंकोस को और भी परेशान कर दिया। तब एंडरसन ने 2-यार्ड टचडाउन रन पर अंक अर्जित किए और मैनिंग ने 2-पॉइंट के रूपांतरण के लिए बेनी फ़ाउलर को पास दिया, 3:08 समय रहते हुए डेनवर को 24-10 की बढ़त दी और खेल को लगभग जीत लिया। कैरोलिना ने दो और ड्राइव का प्रयास किया, लेकिन हर एक पर फ़र्स्ट डाउन पाने करने में असफल रहे।",56d726b60d65d214001983eb,छीनी गई बॉल किसने बरामद की?,307,वार्ड
66,"समाप्ति के 4:51 समय पहले, कैरोलिना ने अपने 24 यार्ड लाइन में बॉल प्राप्त किया जिससे गेम जीतने वाली ड्राइव का मौका था लेकिन जल्द ही उन्हें 3rd-and-9 का सामना करना पड़ा। अगले खेल में, मिलर गेंद को न्यूटन से दूर ले गए, और कई खिलाड़ियों ने इसके लिए प्रयास करने के बाद, इसने पीछे की तरफ एक लंबा उछाल लिया और इसे वार्ड द्वारा प्राप्त किया गया,  जिसने इसे पाँच यार्ड की दूरी पर वापस भेजा जो पैंथर्स के 4-यार्ड लाइन के अंदर था। हालाँकि कई खिलाडियों ने इसे प्राप्त करने के लिए समूह में प्रयास किया, लेकिन न्यूटन ने ऐसा नहीं किया और उनकी आक्रामकता की कमी के कारण बाद में उनकी भारी आलोचना हुई। इस बीच, तीन खेलों के लिए डेनवर के आक्रमण को अंत छोर से बाहर बाहर रखा गया था, लेकिन जोश नॉर्मन के कॉर्नरबैक पर दिए गए पेनल्टी ने ब्रोंकोस को और भी परेशान कर दिया। तब एंडरसन ने 2-यार्ड टचडाउन रन पर अंक अर्जित किए और मैनिंग ने 2-पॉइंट के रूपांतरण के लिए बेनी फ़ाउलर को पास दिया, 3:08 समय रहते हुए डेनवर को 24-10 की बढ़त दी और खेल को लगभग जीत लिया। कैरोलिना ने दो और ड्राइव का प्रयास किया, लेकिन हर एक पर फ़र्स्ट डाउन पाने करने में असफल रहे।",56d726b60d65d214001983ec,गेंद को प्राप्त करने के लिए समूह में शामिल न होने के लिए किस खिलाड़ी की आलोचना की गई थी?,195,न्यूटन
67,"समाप्ति के 4:51 समय पहले, कैरोलिना ने अपने 24 यार्ड लाइन में बॉल प्राप्त किया जिससे गेम जीतने वाली ड्राइव का मौका था लेकिन जल्द ही उन्हें 3rd-and-9 का सामना करना पड़ा। अगले खेल में, मिलर गेंद को न्यूटन से दूर ले गए, और कई खिलाड़ियों ने इसके लिए प्रयास करने के बाद, इसने पीछे की तरफ एक लंबा उछाल लिया और इसे वार्ड द्वारा प्राप्त किया गया,  जिसने इसे पाँच यार्ड की दूरी पर वापस भेजा जो पैंथर्स के 4-यार्ड लाइन के अंदर था। हालाँकि कई खिलाडियों ने इसे प्राप्त करने के लिए समूह में प्रयास किया, लेकिन न्यूटन ने ऐसा नहीं किया और उनकी आक्रामकता की कमी के कारण बाद में उनकी भारी आलोचना हुई। इस बीच, तीन खेलों के लिए डेनवर के आक्रमण को अंत छोर से बाहर बाहर रखा गया था, लेकिन जोश नॉर्मन के कॉर्नरबैक पर दिए गए पेनल्टी ने ब्रोंकोस को और भी परेशान कर दिया। तब एंडरसन ने 2-यार्ड टचडाउन रन पर अंक अर्जित किए और मैनिंग ने 2-पॉइंट के रूपांतरण के लिए बेनी फ़ाउलर को पास दिया, 3:08 समय रहते हुए डेनवर को 24-10 की बढ़त दी और खेल को लगभग जीत लिया। कैरोलिना ने दो और ड्राइव का प्रयास किया, लेकिन हर एक पर फ़र्स्ट डाउन पाने करने में असफल रहे।",56d726b60d65d214001983ed,"किस पैंथर्स खिलाड़ी को पेनाल्टी मिली, जिसने ब्रोंकोस को और भी निराश कर दिया?",666,जोश नॉर्मन
68,"समाप्ति के 4:51 समय पहले, कैरोलिना ने अपने 24 यार्ड लाइन में बॉल प्राप्त किया जिससे गेम जीतने वाली ड्राइव का मौका था लेकिन जल्द ही उन्हें 3rd-and-9 का सामना करना पड़ा। अगले खेल में, मिलर गेंद को न्यूटन से दूर ले गए, और कई खिलाड़ियों ने इसके लिए प्रयास करने के बाद, इसने पीछे की तरफ एक लंबा उछाल लिया और इसे वार्ड द्वारा प्राप्त किया गया,  जिसने इसे पाँच यार्ड की दूरी पर वापस भेजा जो पैंथर्स के 4-यार्ड लाइन के अंदर था। हालाँकि कई खिलाडियों ने इसे प्राप्त करने के लिए समूह में प्रयास किया, लेकिन न्यूटन ने ऐसा नहीं किया और उनकी आक्रामकता की कमी के कारण बाद में उनकी भारी आलोचना हुई। इस बीच, तीन खेलों के लिए डेनवर के आक्रमण को अंत छोर से बाहर बाहर रखा गया था, लेकिन जोश नॉर्मन के कॉर्नरबैक पर दिए गए पेनल्टी ने ब्रोंकोस को और भी परेशान कर दिया। तब एंडरसन ने 2-यार्ड टचडाउन रन पर अंक अर्जित किए और मैनिंग ने 2-पॉइंट के रूपांतरण के लिए बेनी फ़ाउलर को पास दिया, 3:08 समय रहते हुए डेनवर को 24-10 की बढ़त दी और खेल को लगभग जीत लिया। कैरोलिना ने दो और ड्राइव का प्रयास किया, लेकिन हर एक पर फ़र्स्ट डाउन पाने करने में असफल रहे।",56d726b60d65d214001983ee,जब डेनवर ने स्कोर 24-10 कर लिया तब खेल में कितना समय बचा था?,858,3:08
69,"समाप्ति के 4:51 समय पहले, कैरोलिना ने अपने 24 यार्ड लाइन में बॉल प्राप्त किया जिससे गेम जीतने वाली ड्राइव का मौका था लेकिन जल्द ही उन्हें 3rd-and-9 का सामना करना पड़ा। अगले खेल में, मिलर गेंद को न्यूटन से दूर ले गए, और कई खिलाड़ियों ने इसके लिए प्रयास करने के बाद, इसने पीछे की तरफ एक लंबा उछाल लिया और इसे वार्ड द्वारा प्राप्त किया गया,  जिसने इसे पाँच यार्ड की दूरी पर वापस भेजा जो पैंथर्स के 4-यार्ड लाइन के अंदर था। हालाँकि कई खिलाडियों ने इसे प्राप्त करने के लिए समूह में प्रयास किया, लेकिन न्यूटन ने ऐसा नहीं किया और उनकी आक्रामकता की कमी के कारण बाद में उनकी भारी आलोचना हुई। इस बीच, तीन खेलों के लिए डेनवर के आक्रमण को अंत छोर से बाहर बाहर रखा गया था, लेकिन जोश नॉर्मन के कॉर्नरबैक पर दिए गए पेनल्टी ने ब्रोंकोस को और भी परेशान कर दिया। तब एंडरसन ने 2-यार्ड टचडाउन रन पर अंक अर्जित किए और मैनिंग ने 2-पॉइंट के रूपांतरण के लिए बेनी फ़ाउलर को पास दिया, 3:08 समय रहते हुए डेनवर को 24-10 की बढ़त दी और खेल को लगभग जीत लिया। कैरोलिना ने दो और ड्राइव का प्रयास किया, लेकिन हर एक पर फ़र्स्ट डाउन पाने करने में असफल रहे।",56d9cb47dc89441400fdb832,चौथे क्वार्टर में जब कैरोलिना ने अपनी 24-यार्ड लाइन के लिए गेंद हासिल की तब घड़ी का समय क्या था?,11,4:51
70,"समाप्ति के 4:51 समय पहले, कैरोलिना ने अपने 24 यार्ड लाइन में बॉल प्राप्त किया जिससे गेम जीतने वाली ड्राइव का मौका था लेकिन जल्द ही उन्हें 3rd-and-9 का सामना करना पड़ा। अगले खेल में, मिलर गेंद को न्यूटन से दूर ले गए, और कई खिलाड़ियों ने इसके लिए प्रयास करने के बाद, इसने पीछे की तरफ एक लंबा उछाल लिया और इसे वार्ड द्वारा प्राप्त किया गया,  जिसने इसे पाँच यार्ड की दूरी पर वापस भेजा जो पैंथर्स के 4-यार्ड लाइन के अंदर था। हालाँकि कई खिलाडियों ने इसे प्राप्त करने के लिए समूह में प्रयास किया, लेकिन न्यूटन ने ऐसा नहीं किया और उनकी आक्रामकता की कमी के कारण बाद में उनकी भारी आलोचना हुई। इस बीच, तीन खेलों के लिए डेनवर के आक्रमण को अंत छोर से बाहर बाहर रखा गया था, लेकिन जोश नॉर्मन के कॉर्नरबैक पर दिए गए पेनल्टी ने ब्रोंकोस को और भी परेशान कर दिया। तब एंडरसन ने 2-यार्ड टचडाउन रन पर अंक अर्जित किए और मैनिंग ने 2-पॉइंट के रूपांतरण के लिए बेनी फ़ाउलर को पास दिया, 3:08 समय रहते हुए डेनवर को 24-10 की बढ़त दी और खेल को लगभग जीत लिया। कैरोलिना ने दो और ड्राइव का प्रयास किया, लेकिन हर एक पर फ़र्स्ट डाउन पाने करने में असफल रहे।",56d9cb47dc89441400fdb833,चौथे क्वार्टर के अंत में न्यूटन से गेंद को दूर ले जाने वाले खिलाड़ी का अंतिम नाम क्या था?,182,मिलर
71,"समाप्ति के 4:51 समय पहले, कैरोलिना ने अपने 24 यार्ड लाइन में बॉल प्राप्त किया जिससे गेम जीतने वाली ड्राइव का मौका था लेकिन जल्द ही उन्हें 3rd-and-9 का सामना करना पड़ा। अगले खेल में, मिलर गेंद को न्यूटन से दूर ले गए, और कई खिलाड़ियों ने इसके लिए प्रयास करने के बाद, इसने पीछे की तरफ एक लंबा उछाल लिया और इसे वार्ड द्वारा प्राप्त किया गया,  जिसने इसे पाँच यार्ड की दूरी पर वापस भेजा जो पैंथर्स के 4-यार्ड लाइन के अंदर था। हालाँकि कई खिलाडियों ने इसे प्राप्त करने के लिए समूह में प्रयास किया, लेकिन न्यूटन ने ऐसा नहीं किया और उनकी आक्रामकता की कमी के कारण बाद में उनकी भारी आलोचना हुई। इस बीच, तीन खेलों के लिए डेनवर के आक्रमण को अंत छोर से बाहर बाहर रखा गया था, लेकिन जोश नॉर्मन के कॉर्नरबैक पर दिए गए पेनल्टी ने ब्रोंकोस को और भी परेशान कर दिया। तब एंडरसन ने 2-यार्ड टचडाउन रन पर अंक अर्जित किए और मैनिंग ने 2-पॉइंट के रूपांतरण के लिए बेनी फ़ाउलर को पास दिया, 3:08 समय रहते हुए डेनवर को 24-10 की बढ़त दी और खेल को लगभग जीत लिया। कैरोलिना ने दो और ड्राइव का प्रयास किया, लेकिन हर एक पर फ़र्स्ट डाउन पाने करने में असफल रहे।",56d9cb47dc89441400fdb834,उस खिलाड़ी का अंतिम नाम क्या है जिसने चौथे क्वार्टर में न्यूटन द्वारा छोड़ी हुई गेंद को पुनः प्राप्त किया?,307,वार्ड
72,"समाप्ति के 4:51 समय पहले, कैरोलिना ने अपने 24 यार्ड लाइन में बॉल प्राप्त किया जिससे गेम जीतने वाली ड्राइव का मौका था लेकिन जल्द ही उन्हें 3rd-and-9 का सामना करना पड़ा। अगले खेल में, मिलर गेंद को न्यूटन से दूर ले गए, और कई खिलाड़ियों ने इसके लिए प्रयास करने के बाद, इसने पीछे की तरफ एक लंबा उछाल लिया और इसे वार्ड द्वारा प्राप्त किया गया,  जिसने इसे पाँच यार्ड की दूरी पर वापस भेजा जो पैंथर्स के 4-यार्ड लाइन के अंदर था। हालाँकि कई खिलाडियों ने इसे प्राप्त करने के लिए समूह में प्रयास किया, लेकिन न्यूटन ने ऐसा नहीं किया और उनकी आक्रामकता की कमी के कारण बाद में उनकी भारी आलोचना हुई। इस बीच, तीन खेलों के लिए डेनवर के आक्रमण को अंत छोर से बाहर बाहर रखा गया था, लेकिन जोश नॉर्मन के कॉर्नरबैक पर दिए गए पेनल्टी ने ब्रोंकोस को और भी परेशान कर दिया। तब एंडरसन ने 2-यार्ड टचडाउन रन पर अंक अर्जित किए और मैनिंग ने 2-पॉइंट के रूपांतरण के लिए बेनी फ़ाउलर को पास दिया, 3:08 समय रहते हुए डेनवर को 24-10 की बढ़त दी और खेल को लगभग जीत लिया। कैरोलिना ने दो और ड्राइव का प्रयास किया, लेकिन हर एक पर फ़र्स्ट डाउन पाने करने में असफल रहे।",56d9cb47dc89441400fdb835,न्यूटन से गेंद मिलने के बाद डेनवर को कितने खेल के लिए अंतिम छोर से बाहर रखा गया था?,591,तीन
73,"समाप्ति के 4:51 समय पहले, कैरोलिना ने अपने 24 यार्ड लाइन में बॉल प्राप्त किया जिससे गेम जीतने वाली ड्राइव का मौका था लेकिन जल्द ही उन्हें 3rd-and-9 का सामना करना पड़ा। अगले खेल में, मिलर गेंद को न्यूटन से दूर ले गए, और कई खिलाड़ियों ने इसके लिए प्रयास करने के बाद, इसने पीछे की तरफ एक लंबा उछाल लिया और इसे वार्ड द्वारा प्राप्त किया गया,  जिसने इसे पाँच यार्ड की दूरी पर वापस भेजा जो पैंथर्स के 4-यार्ड लाइन के अंदर था। हालाँकि कई खिलाडियों ने इसे प्राप्त करने के लिए समूह में प्रयास किया, लेकिन न्यूटन ने ऐसा नहीं किया और उनकी आक्रामकता की कमी के कारण बाद में उनकी भारी आलोचना हुई। इस बीच, तीन खेलों के लिए डेनवर के आक्रमण को अंत छोर से बाहर बाहर रखा गया था, लेकिन जोश नॉर्मन के कॉर्नरबैक पर दिए गए पेनल्टी ने ब्रोंकोस को और भी परेशान कर दिया। तब एंडरसन ने 2-यार्ड टचडाउन रन पर अंक अर्जित किए और मैनिंग ने 2-पॉइंट के रूपांतरण के लिए बेनी फ़ाउलर को पास दिया, 3:08 समय रहते हुए डेनवर को 24-10 की बढ़त दी और खेल को लगभग जीत लिया। कैरोलिना ने दो और ड्राइव का प्रयास किया, लेकिन हर एक पर फ़र्स्ट डाउन पाने करने में असफल रहे।",56d9cb47dc89441400fdb836,चौथे क्वार्टर में 2-यार्ड टचडाउन स्कोर करने वाले खिलाड़ी का अंतिम नाम क्या है?,748,एंडरसन
